﻿<?xml version="1.0"?>
<doc>
<assembly>
<name>
StagePlayer
</name>
</assembly>
<members>
<member name="T:StagePlayer.My.Resources.Resources">
<summary>
  A strongly-typed resource class, for looking up localized strings, etc.
</summary>
</member>
<member name="P:StagePlayer.My.Resources.Resources.ResourceManager">
<summary>
  Returns the cached ResourceManager instance used by this class.
</summary>
</member>
<member name="P:StagePlayer.My.Resources.Resources.Culture">
<summary>
  Overrides the current thread's CurrentUICulture property for all
  resource lookups using this strongly typed resource class.
</summary>
</member>
<member name="P:StagePlayer.My.Resources.Resources.drag_and_drop_linear_icon_drag_and_drop_icon_linear_design_symbol_with_thin_line_and_monochrome_eps_vector_csp69094080">
<summary>
  Looks up a localized resource of type System.Drawing.Bitmap.
</summary>
</member>
</members>
</doc>
